{
  "ents_f": 83.3453418048,
  "ents_p": 83.921603113,
  "ents_per_type": {
    "LOC": {
      "f": 86.0970207902,
      "p": 85.6158382078,
      "r": 86.5836426775
    },
    "MISC": {
      "f": 74.2404139578,
      "p": 79.2058885979,
      "r": 69.8607903115
    },
    "ORG": {
      "f": 75.8104353195,
      "p": 77.9029187817,
      "r": 73.8274203247
    },
    "PER": {
      "f": 88.874472916,
      "p": 87.1461674769,
      "r": 90.6727178178
    }
  },
  "ents_r": 82.7769405081,
  "las": 90.1256012827,
  "las_per_type": {
    "ac": {
      "f": 86.511627907,
      "p": 94.8979591837,
      "r": 79.4871794872
    },
    "adc": {
      "f": 100.0,
      "p": 100.0,
      "r": 100.0
    },
    "ag": {
      "f": 95.3189159595,
      "p": 94.5168295331,
      "r": 96.1347321922
    },
    "ams": {
      "f": 77.3722627737,
      "p": 76.8115942029,
      "r": 77.9411764706
    },
    "app": {
      "f": 65.0847457627,
      "p": 65.5290102389,
      "r": 64.6464646465
    },
    "cc": {
      "f": 66.6666666667,
      "p": 70.3910614525,
      "r": 63.3165829146
    },
    "cd": {
      "f": 88.2296033538,
      "p": 88.4864165589,
      "r": 87.9742765273
    },
    "cj": {
      "f": 86.4015709377,
      "p": 86.5715691097,
      "r": 86.2322390985
    },
    "cm": {
      "f": 88.6198547215,
      "p": 89.2682926829,
      "r": 87.9807692308
    },
    "cp": {
      "f": 96.4577656676,
      "p": 96.3702359347,
      "r": 96.5454545455
    },
    "cvc": {
      "f": 71.7557251908,
      "p": 90.3846153846,
      "r": 59.4936708861
    },
    "da": {
      "f": 60.9907120743,
      "p": 78.1746031746,
      "r": 50.0
    },
    "dep": {
      "f": 0.0,
      "p": 0.0,
      "r": 0.0
    },
    "dm": {
      "f": 0.0,
      "p": 0.0,
      "r": 0.0
    },
    "ep": {
      "f": 83.2116788321,
      "p": 80.8510638298,
      "r": 85.7142857143
    },
    "ju": {
      "f": 95.0,
      "p": 94.0594059406,
      "r": 95.9595959596
    },
    "mnr": {
      "f": 73.7085258295,
      "p": 73.832562053,
      "r": 73.5849056604
    },
    "mo": {
      "f": 79.6111665005,
      "p": 78.6467054073,
      "r": 80.5995760573
    },
    "ng": {
      "f": 81.746031746,
      "p": 81.3157894737,
      "r": 82.1808510638
    },
    "nk": {
      "f": 97.648842616,
      "p": 97.3555851171,
      "r": 97.9438721713
    },
    "nmc": {
      "f": 97.6228209192,
      "p": 97.933227345,
      "r": 97.3143759874
    },
    "oa": {
      "f": 85.7787083266,
      "p": 84.0328179236,
      "r": 87.5986842105
    },
    "oa2": {
      "f": 0.0,
      "p": 0.0,
      "r": 0.0
    },
    "oc": {
      "f": 92.1040892193,
      "p": 91.3838890528,
      "r": 92.8357314149
    },
    "og": {
      "f": 44.4444444444,
      "p": 100.0,
      "r": 28.5714285714
    },
    "op": {
      "f": 62.5954198473,
      "p": 72.7810650888,
      "r": 54.9107142857
    },
    "par": {
      "f": 42.042042042,
      "p": 55.5555555556,
      "r": 33.8164251208
    },
    "pd": {
      "f": 79.3338380015,
      "p": 82.0031298905,
      "r": 76.8328445748
    },
    "pg": {
      "f": 87.4801901743,
      "p": 87.898089172,
      "r": 87.0662460568
    },
    "ph": {
      "f": 40.0,
      "p": 66.6666666667,
      "r": 28.5714285714
    },
    "pm": {
      "f": 99.4285714286,
      "p": 99.4285714286,
      "r": 99.4285714286
    },
    "pnc": {
      "f": 80.6201550388,
      "p": 81.568627451,
      "r": 79.69348659
    },
    "rc": {
      "f": 68.5968819599,
      "p": 68.1415929204,
      "r": 69.0582959641
    },
    "re": {
      "f": 71.3375796178,
      "p": 77.2413793103,
      "r": 66.2721893491
    },
    "root": {
      "f": 96.3424848767,
      "p": 96.9469938191,
      "r": 95.7454679985
    },
    "rs": {
      "f": 42.8571428571,
      "p": 81.8181818182,
      "r": 29.0322580645
    },
    "sb": {
      "f": 91.2937062937,
      "p": 91.2617965746,
      "r": 91.3256383351
    },
    "sbp": {
      "f": 84.6473029046,
      "p": 81.6,
      "r": 87.9310344828
    },
    "svp": {
      "f": 92.5170068027,
      "p": 93.8856015779,
      "r": 91.1877394636
    },
    "uc": {
      "f": 33.3333333333,
      "p": 100.0,
      "r": 20.0
    },
    "vo": {
      "f": 0.0,
      "p": 0.0,
      "r": 0.0
    }
  },
  "tags_acc": 97.5302442365,
  "token_acc": 99.9191582022,
  "uas": 92.3154581626
}